<resources>
    <string name="app_name">Congress</string>

    <string name="navigation_drawer_open">Open navigation drawer</string>
    <string name="navigation_drawer_close">Close navigation drawer</string>

    <string name="action_settings">Settings</string>
    <string name="fb_error">Facebook link unavailable</string>
    <string name="twitter_error">Twitter link unavailable</string>
    <string name="website_error">website link unavailable</string>

    <!-- TODO: Remove or change this placeholder text -->
    <string name="hello_blank_fragment">Hello blank fragment</string>
</resources>
